{
    "愤怒" : 0.01644738116335296,
    "期待" : 0.024460610263723582,
    "厌恶" : 0.013572759718985361,
    "恐惧" : 0.025235624092711056,
    "快乐" : 0.017192359342795827,
    "悲伤" : 0.018235267739131342,
    "惊讶" : 0.011817562964401033,
    "信任" : 0.037126424222356506
}