{
  "愤怒": 0.01678502701392582,
  "期待": 0.02726719032508017,
  "厌恶": 0.014412029248843902,
  "恐惧": 0.028270147480355168,
  "快乐": 0.026330403542655034,
  "悲伤": 0.022693506884809582,
  "惊讶": 0.016432577204619873,
  "信任": 0.03818145518395961
}