{
    "愤怒" : 0.011967296268274004,
    "期待" : 0.025013442295706307,
    "厌恶" : 0.011120851373853933,
    "恐惧" : 0.024221346071685253,
    "快乐" : 0.02068681132459972,
    "悲伤" : 0.019309912323218315,
    "惊讶" : 0.013531242836503397,
    "信任" : 0.03361866397795893
}