{
  "愤怒": 0.012622158486806135,
  "期待": 0.023759430675681415,
  "厌恶": 0.011888749342981748,
  "恐惧": 0.021987647770158457,
  "快乐": 0.02581595073808458,
  "悲伤": 0.01853582578790335,
  "惊讶": 0.01344336055993459,
  "信任": 0.035147544388521634
}